"","Chromosome","StartPosition","ReferenceAlternativeAllele","rsID","MostImportantFeatureGene","SIFT_score","Polyphen2_HDIV_score","Polyphen2_HVAR_score","LRT_score","MutationAssessor_score","FATHMM_score","VEST3_score","PROVEAN_score","CADD_raw","GERP.._NR","GERP.._RS","phyloP100way_vertebrate","SiPhy_29way_logOdds","SLR_test_statistic","critical-exon","RVIS","constraint1","ITC-deg","MFC-deg","OFC-deg","VFC-deg","ITC-expr","MFC-expr","OFC-expr","VFC-expr"
"17","1",24776090,"G/A",NA,"NIPAL3","0.006000000052154064","1.0","0.9829999804496765","0.0","2.174999952316284","-2.700000047683716","0.7059999704360962","-1.5099999904632568","5.659215927124023","6.170000076293945","6.170000076293945","4.807000160217285","19.867599487304688","-32.545501708984375",0.881921618,-0.800872469,NA,NA,NA,NA,NA,1.55113623204859,1.54757222845729,1.60086531834245,1.19549878987992
"18","1",24795646,"C/T",NA,"NIPAL3",NA,NA,NA,"0.00531500019133091",NA,NA,NA,NA,"10.918763160705566","5.559999942779541","4.630000114440918","1.2590000629425049","13.081199645996094","-1.4805999994277954",0.881921618,-0.800872469,NA,NA,NA,NA,NA,1.55113623204859,1.54757222845729,1.60086531834245,1.19549878987992
"28","1",33794548,"A/G",NA,"PHC2","0.10100000351667404","0.004000000189989805","0.0020000000949949026","2.0900000527035445E-4","1.100000023841858","1.9800000190734863","0.25200000405311584","-1.6299999952316284","2.4561140537261963","5.75","5.75","6.35699987411499","14.006999969482422","-13.618499755859375",NA,-0.483123186,NA,55,242,72,81,4.42891466624807,4.65050971025961,4.58608949111157,4.50159340655321
"29","1",33820513,"C/T",NA,"PHC2","0.2680000066757202","0.0020000000949949026","0.0020000000949949026","0.2707040011882782","0.6899999976158142","1.940000057220459","0.05900000035762787","-0.4300000071525574","-0.018787000328302383","5.860000133514404","-1.1100000143051147","0.1809999942779541","8.89109992980957","0.4677000045776367",NA,-0.483123186,NA,55,242,72,81,4.42891466624807,4.65050971025961,4.58608949111157,4.50159340655321
"37","1",42047669,"G/A",NA,"HIVEP3",NA,NA,NA,"0.007468999829143286",NA,NA,NA,NA,"9.099774360656738","4.949999809265137","4.949999809265137","7.673999786376953","17.95669937133789","-1.9874000549316406",NA,-0.514887152,NA,1034,433,1573,618,2.43468544421277,2.1223221891362,1.76344450608636,2.28932574436082
"38","1",42049410,"T/C",NA,"HIVEP3",NA,NA,NA,NA,NA,NA,NA,NA,NA,NA,NA,NA,NA,NA,NA,-0.514887152,NA,1034,433,1573,618,2.43468544421277,2.1223221891362,1.76344450608636,2.28932574436082
"45","1",54870560,"C/T",NA,"SSBP3",NA,NA,NA,NA,NA,NA,NA,NA,NA,NA,NA,NA,NA,NA,NA,-0.648365105,NA,90,378,47,198,4.11499584808175,3.46307244877426,3.69727667971442,3.72978506208809
"46","1",54870562,"C/T",NA,"SSBP3",NA,NA,NA,NA,NA,NA,NA,NA,NA,NA,NA,NA,NA,NA,NA,-0.648365105,NA,90,378,47,198,4.11499584808175,3.46307244877426,3.69727667971442,3.72978506208809
"52","1",82409370,"C/G",NA,"LPHN2","0.0010000000474974513","1.0","1.0","0.0","3.5450000762939453","-2.759999990463257","0.949999988079071","-7.519999980926514","5.42120885848999","5.539999961853027","5.539999961853027","7.422999858856201","19.484699249267578",NA,NA,-0.189246284,NA,118,7,60,17,3.51006495713728,3.13173351617979,3.38940984890111,3.34304404672343
"53","1",82433818,"C/T",NA,"LPHN2",NA,NA,NA,"9.999999974752427E-7",NA,NA,NA,NA,"11.180376052856445","5.510000228881836","5.510000228881836","7.817999839782715","19.410400390625",NA,NA,-0.189246284,NA,118,7,60,17,3.51006495713728,3.13173351617979,3.38940984890111,3.34304404672343
"59","1",97915657,"G/A",NA,"DPYD",NA,NA,NA,NA,NA,NA,NA,NA,NA,NA,NA,NA,NA,NA,NA,1.431149089,NA,52,458,633,721,1.19185384265697,0.525086643294546,0.514568086284116,0.53062313670589
"60","1",97981407,"G/A",NA,"DPYD",NA,NA,NA,NA,NA,NA,NA,NA,NA,NA,NA,NA,NA,NA,NA,1.431149089,NA,52,458,633,721,1.19185384265697,0.525086643294546,0.514568086284116,0.53062313670589
"61","1",109607282,"G/A",NA,"TAF13",NA,NA,NA,"3.000000106112566E-6",NA,NA,NA,NA,"10.493427276611328","4.800000190734863","4.800000190734863","7.3979997634887695","15.746100425720215",NA,NA,-0.053113545,NA,31,87,76,784,3.1568916628945,3.57267591549748,3.37278135634234,3.27510391943102
"62","1",109617626,"CTCTT/C",NA,"TAF13",NA,NA,NA,NA,NA,NA,NA,NA,NA,NA,NA,NA,NA,NA,NA,-0.053113545,NA,31,87,76,784,3.1568916628945,3.57267591549748,3.37278135634234,3.27510391943102
"63","1",109793295,"C/G",NA,"CELSR2",NA,NA,NA,NA,NA,NA,NA,NA,NA,NA,NA,NA,NA,NA,0.440960809,-1.813160269,NA,100,337,555,932,4.58982286626899,4.43159294225211,4.20131652153302,4.52131989757304
"64","1",109793969,"C/G",NA,"CELSR2","0.0","1.0","0.9990000128746033",NA,"3.9649999141693115","0.07000000029802322","0.8140000104904175","-3.4800000190734863","5.167518138885498","4.820000171661377","4.820000171661377","7.609000205993652","18.162900924682617",NA,0.440960809,-1.813160269,NA,100,337,555,932,4.58982286626899,4.43159294225211,4.20131652153302,4.52131989757304
"71","1",144931128,"A/C",NA,"PDE4DIP","0.15700000524520874","0.4650000035762787","0.08500000089406967",NA,"1.6100000143051147","2.5899999141693115","0.289000004529953","-1.100000023841858","1.9201679229736328","5.300000190734863","4.159999847412109","2.303999900817871","6.772799968719482",NA,NA,7.985992467,NA,52,881,476,270,3.70185677500899,3.64693104482382,3.61963653663182,3.46718868956088
"72","1",144931615,"C/T",NA,"PDE4DIP",NA,NA,NA,NA,NA,NA,NA,NA,NA,NA,NA,NA,NA,NA,NA,7.985992467,NA,52,881,476,270,3.70185677500899,3.64693104482382,3.61963653663182,3.46718868956088
"73","1",151377574,"CA/C",NA,"POGZ",NA,NA,NA,NA,NA,NA,NA,NA,NA,NA,NA,NA,NA,NA,0.440960809,-1.52667341,3.3006,184,685,483,863,4.10723476753899,4.00960515724624,4.00658391636533,3.94594670791911
"74","1",151377883,"T/C",NA,"POGZ","0.19499999284744263","0.0","0.0010000000474974513","0.38283801078796387","1.0399999618530273","0.9800000190734863","0.08299999684095383","-0.6499999761581421","0.9354249835014343","5.460000038146973","-10.899999618530273","-2.444999933242798","6.505800247192383","0.1891999989748001",0.440960809,-1.52667341,3.3006,184,685,483,863,4.10723476753899,4.00960515724624,4.00658391636533,3.94594670791911
"82","1",156911204,"G/A",NA,"ARHGEF11",NA,NA,NA,NA,NA,NA,NA,NA,NA,NA,NA,NA,NA,NA,0.440960809,-1.714337031,NA,201,515,524,977,3.39681896721527,3.40101041680195,3.42553889436354,3.6128591814677
"83","1",156918274,"G/A",NA,"ARHGEF11","0.0","1.0","0.9940000176429749","0.00368899991735816","0.550000011920929","-0.3199999928474426","0.4869999885559082","-1.9600000381469727","6.4520039558410645","5.75","4.789999961853027","3.63100004196167","11.93970012664795","-17.626699447631836",0.440960809,-1.714337031,NA,201,515,524,977,3.39681896721527,3.40101041680195,3.42553889436354,3.6128591814677
"93","1",179561962,"G/A",NA,"TDRD5","1.0","0.0","0.0010000000474974513","0.01321099977940321","-1.5899999141693115","0.7599999904632568","0.11999999731779099","2.4200000762939453","0.7556899785995483","5.670000076293945","3.380000114440918","3.878000020980835","8.637700080871582","-23.397300720214844",NA,0.694433477,NA,7,4,8,15,0.352609647669007,0.241460701814382,0.229332120142734,0.168502123294783
"94","1",179564848,"C/G",NA,"TDRD5",NA,NA,NA,NA,NA,NA,NA,NA,NA,NA,NA,NA,NA,NA,NA,0.694433477,NA,7,4,8,15,0.352609647669007,0.241460701814382,0.229332120142734,0.168502123294783
"101","1",204403561,"ACTTACCG/A",NA,"PIK3C2B",NA,NA,NA,NA,NA,NA,NA,NA,NA,NA,NA,NA,NA,NA,NA,0.446303541,NA,163,517,296,850,3.44262924895752,3.40580792790833,3.28463691707939,3.53252642793426
"102","1",204438839,"T/C",NA,"PIK3C2B","0.0","0.9890000224113464","0.9789999723434448","4.999999873689376E-6","0.550000011920929","-0.20999999344348907","0.5989999771118164","-1.0499999523162842","4.471574783325195","5.21999979019165","5.21999979019165","7.245999813079834","13.342900276184082",NA,NA,0.446303541,NA,163,517,296,850,3.44262924895752,3.40580792790833,3.28463691707939,3.53252642793426
"131","2",84816001,"T/C",NA,"DNAH6",NA,NA,NA,NA,NA,NA,NA,NA,NA,NA,NA,NA,NA,NA,NA,2.022922571,NA,771,10,76,703,0.151502748712487,0.227718899314512,0.176858801610331,0.194653173608782
"132","2",84937507,"C/A",NA,"DNAH6",NA,NA,NA,NA,NA,NA,NA,NA,NA,NA,NA,NA,NA,NA,NA,2.022922571,NA,771,10,76,703,0.151502748712487,0.227718899314512,0.176858801610331,0.194653173608782
"146","2",152362011,"G/A",NA,"NEB",NA,NA,NA,NA,"2.2799999713897705",NA,NA,NA,"2.4502830505371094","5.440000057220459","5.440000057220459","8.51099967956543","19.70170021057129",NA,NA,0.878121232,NA,288,29,165,1906,0.0177700292753599,0.0402977003540003,0.0202903501317622,0.0289976538463817
"147","2",152548856,"A/T",NA,"NEB",NA,NA,NA,"0.0025059999898076057",NA,NA,NA,NA,"7.829397201538086","5.889999866485596","3.5199999809265137","4.688000202178955","9.84850025177002",NA,NA,0.878121232,NA,288,29,165,1906,0.0177700292753599,0.0402977003540003,0.0202903501317622,0.0289976538463817
"155","2",179417060,"G/A",NA,"TTN",NA,NA,NA,NA,NA,NA,NA,NA,NA,NA,NA,NA,NA,NA,NA,2.169883458,NA,219,333,246,60,0.0845840393341272,0.0856394808009741,0.0892310025828614,0.0797119277456751
"156","2",179638834,"C/T",NA,"TTN","0.10899999737739563","1.0","0.9959999918937683",NA,"1.7899999618530273","0.9300000071525574","0.5400000214576721","-3.309999942779541","2.2615859508514404","5.730000019073486","5.730000019073486","7.817999839782715","19.898300170898438",NA,NA,2.169883458,NA,219,333,246,60,0.0845840393341272,0.0856394808009741,0.0892310025828614,0.0797119277456751
"192","3",51669785,"G/A",NA,"RAD54L2","0.04500000178813934","0.6520000100135803","0.21299999952316284","0.0","1.9600000381469727","-3.319999933242798","0.6159999966621399","-0.5899999737739563","4.463250160217285","5.599999904632568","5.599999904632568","9.807000160217285","18.60700035095215","-6.7870001792907715",NA,-1.390744555,NA,172,786,273,898,2.15181695985868,2.0408990919209,2.37864098780043,2.15163804541918
"193","3",51697209,"G/A",NA,"RAD54L2","0.003000000026077032","0.8539999723434448","0.07100000232458115","4.2100000428035855E-4","0.3449999988079071","-3.2899999618530273","0.5669999718666077","-0.9100000262260437","2.0297470092773438","5.559999942779541","5.559999942779541","3.7860000133514404","14.174500465393066","-19.12929916381836",NA,-1.390744555,NA,172,786,273,898,2.15181695985868,2.0408990919209,2.37864098780043,2.15163804541918
"196","3",52448061,"C/T",NA,"PHF7","0.24799999594688416","0.6150000095367432","0.15800000727176666","0.5047659873962402","1.2450000047683716","-2.0199999809265137","0.6179999709129333","-0.8100000023841858","2.600036144256592","4.869999885559082","4.869999885559082","3.194999933242798","13.695799827575684","-9.905099868774414",NA,0.238945317,NA,15,55,67,121,0.957065442398124,1.14108548209842,1.05505996879104,1.05315652860844
"197","3",52448529,"C/T",NA,"PHF7",NA,NA,NA,"0.4906409978866577",NA,NA,NA,NA,"2.4135100841522217","5.239999771118164","5.239999771118164","2.1089999675750732","14.321800231933594","-16.38909912109375",NA,0.238945317,NA,15,55,67,121,0.957065442398124,1.14108548209842,1.05505996879104,1.05315652860844
"248","4",83770019,"G/T",NA,"SEC31A",NA,NA,NA,NA,"0.8050000071525574",NA,NA,NA,"0.5954980254173279","5.650000095367432","2.880000114440918","1.781000018119812","4.579699993133545","-11.871600151062012",0.440960809,-0.990222991,NA,875,705,118,1038,4.24881916234917,4.16151624133861,4.25866663206427,4.2264965843676
"249","4",83770051,"C/A",NA,"SEC31A",NA,NA,NA,NA,NA,NA,NA,NA,NA,NA,NA,NA,NA,NA,0.440960809,-0.990222991,NA,875,705,118,1038,4.24881916234917,4.16151624133861,4.25866663206427,4.2264965843676
"250","4",83770052,"C/T",NA,"SEC31A",NA,NA,NA,NA,NA,NA,NA,NA,NA,NA,NA,NA,NA,NA,0.440960809,-0.990222991,NA,875,705,118,1038,4.24881916234917,4.16151624133861,4.25866663206427,4.2264965843676
"258","4",123185580,"C/T",NA,"KIAA1109",NA,NA,NA,"3.9999998989515007E-5",NA,NA,NA,NA,"11.512185096740723","5.920000076293945","5.920000076293945","7.639999866485596","20.334299087524414",NA,0.881921618,-1.562384295,6.2923,388,432,108,782,3.01774372447049,3.21261166973475,2.99009962224188,2.95823819392945
"259","4",123283232,"T/G",NA,"KIAA1109",NA,NA,NA,NA,"1.875",NA,NA,NA,"5.607023239135742","5.210000038146973","5.210000038146973","8.010000228881836","15.083800315856934",NA,0.881921618,-1.562384295,6.2923,388,432,108,782,3.01774372447049,3.21261166973475,2.99009962224188,2.95823819392945
"295","5",140012115,"C/T",NA,"CD14","0.0010000000474974513","1.0","0.9990000128746033","7.599999662488699E-5","1.8700000047683716","2.2100000381469727","0.75","-1.8199999332427979","1.7421989440917969","5.960000038146973","5.960000038146973","4.103000164031982","15.922100067138672","-27.97719955444336",NA,-0.714505427,NA,107,682,178,323,0.604921949484553,1.54391452593945,0.686986736051354,1.04457947190495
"296","5",140012490,"G/T",NA,"CD14","0.017000000923871994","0.9150000214576721","0.5820000171661377","0.6982240080833435","1.7000000476837158","-2.9600000381469727","0.26100000739097595","-0.75","0.7611349821090698","5.869999885559082","-1.559999942779541","-0.24400000274181366","8.361800193786621","-2.2850000858306885",NA,-0.714505427,NA,107,682,178,323,0.604921949484553,1.54391452593945,0.686986736051354,1.04457947190495
"348","6",109818734,"T/C",NA,"AK9",NA,NA,NA,NA,"1.7350000143051147",NA,NA,NA,"0.8001180291175842","5.050000190734863","3.880000114440918","1.284000039100647","6.377600193023682",NA,NA,NA,NA,345,1216,985,3750,NA,NA,NA,NA
"349","6",109954110,"ATAGT/A",NA,"AK9",NA,NA,NA,NA,NA,NA,NA,NA,NA,NA,NA,NA,NA,NA,NA,NA,NA,345,1216,985,3750,NA,NA,NA,NA
"351","6",129670483,"C/T",NA,"LAMA2","0.0","1.0","0.9909999966621399","1.4999999621068127E-5","3.0350000858306885","0.029999999329447746","0.8040000200271606","-5.400000095367432","6.191902160644531","5.980000019073486","5.980000019073486","4.125999927520752","15.200499534606934",NA,NA,0.497724973,NA,709,240,231,641,0.758109645365484,0.49880230571774,0.552146988497769,0.623458617829842
"352","6",129835668,"GAAGCCCA/G",NA,"LAMA2",NA,NA,NA,NA,NA,NA,NA,NA,NA,NA,NA,NA,NA,NA,NA,0.497724973,NA,709,240,231,641,0.758109645365484,0.49880230571774,0.552146988497769,0.623458617829842
"354","6",138584058,"C/T",NA,"KIAA1244","0.004000000189989805","1.0","0.9929999709129333","8.399999933317304E-5","1.7899999618530273","1.9200000762939453","0.8479999899864197","-1.940000057220459","6.409535884857178","5.519999980926514","5.519999980926514","1.8410000801086426","12.536700248718262","-27.53070068359375",NA,-2.2199121,NA,33,444,97,541,2.98942759829266,2.36613361981861,2.53454651121258,2.57413905885701
"355","6",138655607,"A/G",NA,"KIAA1244","0.44699999690055847","0.0","0.0","0.04247099906206131","0.20499999821186066","2.2200000286102295","0.11900000274181366","-0.17000000178813934","1.351557970046997","5.610000133514404","1.8899999856948853","3.7680001258850098","9.448100090026855","-13.673999786376953",NA,-2.2199121,NA,33,444,97,541,2.98942759829266,2.36613361981861,2.53454651121258,2.57413905885701
"362","7",5352158,"C/T",NA,"TNRC18","0.0",NA,NA,"0.006101999897509813",NA,NA,NA,"-0.9599999785423279","10.536052703857422","4.050000190734863","3.1500000953674316","7.267000198364258","13.366299629211426",NA,NA,NA,NA,454,468,723,770,3.68786077792393,4.00135576660617,3.76009621368079,4.10348714886356
"363","7",5415815,"G/A",NA,"TNRC18",NA,NA,NA,NA,NA,NA,NA,NA,NA,NA,NA,NA,NA,NA,NA,NA,NA,454,468,723,770,3.68786077792393,4.00135576660617,3.76009621368079,4.10348714886356
"388","7",112461833,"T/C",NA,"C7orf60","0.004000000189989805","0.9990000128746033","0.8939999938011169","1.3899999612476677E-4","0.550000011920929",NA,"0.8339999914169312","-1.7799999713897705","5.296163082122803","5.829999923706055","5.829999923706055","6.2179999351501465","16.196699142456055","-5.576700210571289",NA,-0.295622497,NA,1786,1198,2203,3996,3.53360792628824,3.37051640026228,3.57377398311795,3.25024383609594
"389","7",112579790,"C/G",NA,"C7orf60","0.35600000619888306","0.2070000022649765","0.06700000166893005","0.013797000050544739","-0.6899999976158142",NA,"0.4359999895095825","-0.3100000023841858","0.747223973274231","4.929999828338623","3.0999999046325684","1.0670000314712524","6.700099945068359","-3.184799909591675",NA,-0.295622497,NA,1786,1198,2203,3996,3.53360792628824,3.37051640026228,3.57377398311795,3.25024383609594
"391","7",122765663,"A/G",NA,"SLC13A1",NA,NA,NA,NA,NA,NA,NA,NA,NA,NA,NA,NA,NA,NA,NA,0.42259095,NA,NA,NA,NA,NA,0,0,0,0
"392","7",122787322,"C/T",NA,"SLC13A1","1.0","0.0010000000474974513","0.0010000000474974513","7.79999973019585E-5","-2.075000047683716","3.950000047683716","0.12999999523162842","2.569999933242798","1.2354179620742798","5.0","2.450000047683716","3.181999921798706","6.060500144958496","-27.098899841308594",NA,0.42259095,NA,NA,NA,NA,NA,0,0,0,0
"400","7",149488605,"G/T",NA,"SSPO",NA,NA,NA,NA,NA,NA,NA,NA,NA,NA,NA,NA,NA,NA,NA,NA,NA,334,431,429,847,0.0460998312672609,0.048018509245144,0.046338926287239,0.0651255790875075
"401","7",149489224,"C/A",NA,"SSPO",NA,NA,NA,NA,NA,NA,NA,NA,NA,NA,NA,NA,NA,NA,NA,NA,NA,334,431,429,847,0.0460998312672609,0.048018509245144,0.046338926287239,0.0651255790875075
"411","8",27288396,"A/G",NA,"PTK2B","0.0020000000949949026","0.9649999737739563","0.8899999856948853","4.999999873689376E-6","2.3949999809265137","0.75","0.6700000166893005","-3.4700000286102295","4.78817081451416","5.800000190734863","4.619999885559082","5.6519999504089355","11.46619987487793",NA,0.440960809,-1.275066404,NA,1438,891,1866,2319,2.05952068694103,2.18763031081427,1.86736086931821,2.40733806576234
"412","8",27308409,"C/T",NA,"PTK2B",NA,NA,NA,NA,NA,NA,NA,NA,NA,NA,NA,NA,NA,NA,0.440960809,-1.275066404,NA,1438,891,1866,2319,2.05952068694103,2.18763031081427,1.86736086931821,2.40733806576234
"512","10",129906455,"T/A",NA,"MKI67",NA,NA,NA,"0.43606001138687134",NA,NA,NA,NA,"5.7931928634643555","3.8899998664855957","2.740000009536743","0.859000027179718","7.901700019836426",NA,NA,7.633856952,NA,64,179,62,1521,0.716455283309231,1.10342243967736,1.05970593691467,0.716039169802188
"513","10",129909975,"G/A",NA,"MKI67",NA,NA,NA,"0.40471699833869934",NA,NA,NA,NA,"7.252171993255615","5.269999980926514","4.340000152587891","2.325000047683716","8.19159984588623",NA,NA,7.633856952,NA,64,179,62,1521,0.716455283309231,1.10342243967736,1.05970593691467,0.716039169802188
"517","11",1024924,"G/C",NA,"MUC6","0.16200000047683716","0.843999981880188","0.164000004529953","0.9853559732437134","1.4800000190734863","2.1700000762939453","0.1889999955892563","-0.9700000286102295","0.7908380031585693","3.880000114440918","0.6320000290870667","0.02199999988079071","3.4791998863220215",NA,NA,1.26225728,NA,929,537,1185,1514,0.0343636144653149,0.0562838605836051,0.0652185577691488,0.0772320590233733
"518","11",1025827,"C/T",NA,"MUC6","0.003000000026077032","1.0","0.9909999966621399","0.014795999974012375","2.140000104904175","0.17000000178813934","0.7170000076293945","-2.2699999809265137","0.4401730000972748","4.529999732971191","3.6100001335144043","1.4479999542236328","12.719799995422363",NA,NA,1.26225728,NA,929,537,1185,1514,0.0343636144653149,0.0562838605836051,0.0652185577691488,0.0772320590233733
"519","11",1263913,"C/T",NA,"MUC5B","0.5059999823570251","0.012000000104308128","0.0010000000474974513",NA,"0.20499999821186066","2.3499999046325684","0.1379999965429306","-0.07000000029802322","0.05293300002813339","0.7149999737739563","-1.3300000429153442","-0.15000000596046448","3.0146000385284424",NA,NA,16.52445195,NA,NA,NA,NA,NA,0,0,0.000113242671392644,0.00114216223581801
"520","11",1272808,"G/A",NA,"MUC5B","0.1420000046491623","0.06499999761581421","0.003000000026077032",NA,"0.0","2.2899999618530273","0.04399999976158142","-0.18000000715255737","0.056299999356269836","1.9200000762939453","-0.20600000023841858","-0.010999999940395355","2.7098000049591064",NA,NA,16.52445195,NA,NA,NA,NA,NA,0,0,0.000113242671392644,0.00114216223581801
"523","11",7334755,"?/+AA",NA,"SYT9",NA,NA,NA,NA,NA,NA,NA,NA,NA,NA,NA,NA,NA,NA,1.322882427,-0.069700724,NA,286,168,177,267,0.664591138440004,1.60299412061402,0.89934798331025,1.0432241002668
"524","11",7439282,"C/T",NA,"SYT9",NA,NA,NA,NA,NA,NA,NA,NA,NA,NA,NA,NA,NA,NA,1.322882427,-0.069700724,NA,286,168,177,267,0.664591138440004,1.60299412061402,0.89934798331025,1.0432241002668
"529","11",28112982,"C/T",NA,"KIF18A","0.07500000298023224","0.8769999742507935","0.656000018119812","0.0","1.2350000143051147","-0.699999988079071","0.20600000023841858","-0.8100000023841858","1.8441109657287598","5.699999809265137","4.789999961853027","1.4249999523162842","11.169400215148926",NA,NA,0.068033485,NA,66,279,260,308,0.212064385039949,0.358323112537751,0.379428820313795,0.193988683191808
"530","11",28119436,"G/A",NA,"KIF18A","0.0","1.0","1.0","0.0","4.529999732971191","-2.5","0.9449999928474426","-9.420000076293945","5.884980201721191","5.529999732971191","5.529999732971191","9.105999946594238","19.822999954223633",NA,NA,0.068033485,NA,66,279,260,308,0.212064385039949,0.358323112537751,0.379428820313795,0.193988683191808
"551","11",67267698,"C/T",NA,"PITPNM1",NA,NA,NA,NA,NA,NA,NA,NA,NA,NA,NA,NA,NA,NA,0.881921618,-1.010461444,3.8589,2148,1394,2092,4949,3.97616781257033,4.03989289106612,3.61595386944463,4.16726157356096
"552","11",67267884,"C/T",NA,"PITPNM1",NA,NA,NA,NA,NA,NA,NA,NA,NA,NA,NA,NA,NA,NA,0.881921618,-1.010461444,3.8589,2148,1394,2092,4949,3.97616781257033,4.03989289106612,3.61595386944463,4.16726157356096
"569","11",120989064,"C/T",NA,"TECTA",NA,NA,NA,NA,NA,NA,NA,NA,NA,NA,NA,NA,NA,NA,NA,-2.430013277,NA,457,584,601,655,0.713093348957788,0.80524787377758,0.768895269674084,0.854949146994085
"570","11",121028741,"C/G",NA,"TECTA","0.0","1.0","0.9990000128746033","0.0","2.6600000858306885","-1.1299999952316284","0.8740000128746033","-3.5399999618530273","3.3589799404144287","5.539999961853027","-3.799999952316284","-1.681999921798706","14.30090045928955",NA,NA,-2.430013277,NA,457,584,601,655,0.713093348957788,0.80524787377758,0.768895269674084,0.854949146994085
"571","11",122929399,"A/ATGCC",NA,"HSPA8",NA,NA,NA,NA,NA,NA,NA,NA,NA,NA,NA,NA,NA,NA,NA,-0.824740496,4.3645,670,450,550,1758,8.1981198797883,7.95000604892441,8.11292325830636,7.89385600779785
"572","11",122929444,"T/C",NA,"HSPA8","0.003000000026077032","0.4020000100135803","0.30399999022483826","2.749999985098839E-4","2.9049999713897705","5.28000020980835","0.8980000019073486","-2.5","2.6383259296417236","4.300000190734863","4.300000190734863","8.01200008392334","13.760000228881836","-11.805700302124023",NA,-0.824740496,4.3645,670,450,550,1758,8.1981198797883,7.95000604892441,8.11292325830636,7.89385600779785
"573","11",122929804,"G/C",NA,"HSPA8","0.061000000685453415","0.12600000202655792","0.08699999749660492","0.0","-0.1899999976158142","5.670000076293945","0.5849999785423279","-0.41999998688697815","2.582850933074951","4.849999904632568","4.849999904632568","9.583000183105469","18.308900833129883","-14.230199813842773",NA,-0.824740496,4.3645,670,450,550,1758,8.1981198797883,7.95000604892441,8.11292325830636,7.89385600779785
"592","12",51844742,"C/CCGGAGA",NA,"SLC4A8",NA,NA,NA,NA,NA,NA,NA,NA,NA,NA,NA,NA,NA,NA,0.881921618,-0.799052816,3.4052,137,728,297,890,2.0181978111553,1.98836003250191,2.16368676759142,1.95749565492596
"593","12",51868866,"C/T",NA,"SLC4A8","0.05299999937415123","0.07500000298023224","0.019999999552965164","1.9999999949504854E-6","2.575000047683716","-1.2300000190734863","0.5059999823570251","-2.440000057220459","4.330026149749756","5.320000171661377","4.440000057220459","6.086999893188477","13.518099784851074",NA,0.881921618,-0.799052816,3.4052,137,728,297,890,2.0181978111553,1.98836003250191,2.16368676759142,1.95749565492596
"612","12",106708195,"T/C",NA,"TCP11L2","0.014000000432133675","0.375","0.3230000138282776","0.09982199966907501","1.9049999713897705","2.1700000762939453","0.5839999914169312","-3.1600000858306885","1.7473399639129639","5.699999809265137","0.3779999911785126","-0.04899999871850014","4.532400131225586","-0.9447000026702881",NA,0.044168103,NA,45,29,78,167,1.08873598833298,1.3624760606944,1.46476064973324,1.34182866418754
"613","12",106708199,"A/C",NA,"TCP11L2","0.006000000052154064","0.996999979019165","0.9210000038146973","2.2000000171829015E-5","1.9549999237060547","1.149999976158142","0.47200000286102295","-4.760000228881836","4.51927375793457","5.699999809265137","5.699999809265137","8.583999633789062","15.956700325012207","-1.3805999755859375",NA,0.044168103,NA,45,29,78,167,1.08873598833298,1.3624760606944,1.46476064973324,1.34182866418754
"620","12",121746313,"A/G",NA,"ANAPC5",NA,NA,NA,NA,NA,NA,NA,NA,NA,NA,NA,NA,NA,NA,0.440960809,-0.554717505,NA,27,148,480,364,3.55001028444293,3.59759815281092,3.61391604036942,3.59212235300149
"621","12",121756326,"T/C",NA,"ANAPC5","0.04699999839067459","0.16099999845027924","0.0729999989271164","3.999999989900971E-6","1.5899999141693115","-1.0099999904632568","0.33000001311302185","-0.9800000190734863","2.922024965286255","6.170000076293945","6.170000076293945","4.546000003814697","16.003400802612305",NA,0.440960809,-0.554717505,NA,27,148,480,364,3.55001028444293,3.59759815281092,3.61391604036942,3.59212235300149
"624","12",124821527,"G/A",NA,"NCOR2","0.006000000052154064","1.0","0.8989999890327454","3.0899999546818435E-4","0.8050000071525574","2.1700000762939453","0.3880000114440918","-4.139999866485596","5.48799991607666","4.630000114440918","4.630000114440918","3.496000051498413","11.742300033569336","-25.153099060058594",NA,-2.599674564,NA,166,665,1158,215,2.45211197492328,2.90802641499574,2.57148570680681,2.9309545295946
"625","12",124856705,"C/T",NA,"NCOR2",NA,NA,NA,NA,NA,NA,NA,NA,NA,NA,NA,NA,NA,NA,NA,-2.599674564,NA,166,665,1158,215,2.45211197492328,2.90802641499574,2.57148570680681,2.9309545295946
"626","13",20304417,"G/A",NA,"PSPC1",NA,NA,NA,"3.099999958067201E-5",NA,NA,NA,NA,"10.530447959899902","5.579999923706055","4.650000095367432","2.756999969482422","15.034500122070312","-11.968099594116211",0.881921618,-0.405853867,3.7186,275,1139,776,2625,4.33414682797704,4.37755468816922,4.37858128638472,4.29178565142713
"627","13",20356705,"T/C",NA,"PSPC1","0.289000004529953","0.0010000000474974513","0.0020000000949949026","5.590000073425472E-4","1.149999976158142","2.5399999618530273","0.10899999737739563","-0.11999999731779099","0.936011016368866","5.179999828338623","5.179999828338623","1.565000057220459","10.393699645996094","-14.462800025939941",0.881921618,-0.405853867,3.7186,275,1139,776,2625,4.33414682797704,4.37755468816922,4.37858128638472,4.29178565142713
"670","15",33999249,"G/A",NA,"RYR3","0.0020000000949949026","0.9990000128746033","0.8899999856948853","0.019423000514507294","2.1600000858306885","-3.7799999713897705","0.5950000286102295","-1.8799999952316284","5.376880168914795","5.349999904632568","5.349999904632568","4.159999847412109","18.85919952392578",NA,NA,-5.868890763,NA,83,268,1048,350,0.977263942924698,1.08879290196607,0.798624356873183,1.00406195501382
"671","15",34151822,"T/C",NA,"RYR3","0.0","0.9940000176429749","0.9739999771118164","0.0","3.1649999618530273","-2.9700000286102295","0.9559999704360962","-4.360000133514404","2.2992470264434814","5.239999771118164","5.239999771118164","7.748000144958496","15.596599578857422",NA,NA,-5.868890763,NA,83,268,1048,350,0.977263942924698,1.08879290196607,0.798624356873183,1.00406195501382
"729","16",50339706,"C/T",NA,"ADCY7",NA,NA,NA,NA,NA,NA,NA,NA,"0.7115939855575562","5.340000152587891","-10.699999809265137","-4.941999912261963","6.051700115203857",NA,NA,-3.024935465,NA,662,913,818,664,0.968611832633226,1.57873249558345,1.35295920879988,1.34113410664834
"730","16",50349011,"A/G",NA,"ADCY7","0.003000000026077032","1.0","1.0","6.299999949987978E-5","4.28000020980835","-2.130000114440918","0.9110000133514404","-3.5899999141693115","2.5935590267181396","5.329999923706055","5.329999923706055","9.138999938964844","15.465999603271484",NA,NA,-3.024935465,NA,662,913,818,664,0.968611832633226,1.57873249558345,1.35295920879988,1.34113410664834
"733","16",57054730,"C/T",NA,"NLRC5","0.0","1.0","0.9959999918937683",NA,"2.174999952316284","-1.7999999523162842","0.3930000066757202","-2.0399999618530273","1.1321250200271606","4.760000228881836","1.4700000286102295","0.11100000143051147","5.42549991607666",NA,NA,0.514279338,NA,40,1574,1042,2665,0.102881280352211,0.0651793597686527,0.0702393714797604,0.0722169574806681
"734","16",57074615,"G/A",NA,"NLRC5","0.3199999928474426","0.6460000276565552","0.16099999845027924",NA,"0.8949999809265137","-0.6499999761581421","0.10000000149011612","-0.3100000023841858","0.2974030077457428","3.5299999713897705","1.559999942779541","0.46000000834465027","5.954400062561035",NA,NA,0.514279338,NA,40,1574,1042,2665,0.102881280352211,0.0651793597686527,0.0702393714797604,0.0722169574806681
"776","17",37374188,"T/C",NA,"STAC2",NA,NA,NA,NA,NA,NA,NA,NA,NA,NA,NA,NA,NA,NA,NA,-0.977252525,NA,910,473,671,453,0.207520112553582,0.910272153826154,0.542351778653048,0.672512240514452
"777","17",37381749,"C/T",NA,"STAC2","0.0","0.9980000257492065","0.7710000276565552","0.04948300123214722","0.6899999976158142","-1.5099999904632568","0.703000009059906","-1.350000023841858","2.4546220302581787","5.269999980926514","5.269999980926514","4.859000205993652","14.39840030670166","-4.393400192260742",NA,-0.977252525,NA,910,473,671,453,0.207520112553582,0.910272153826154,0.542351778653048,0.672512240514452
"810","17",79080665,"C/G",NA,"BAIAP2","0.31299999356269836","0.0020000000949949026","0.0010000000474974513","0.02151699922978878","1.4149999618530273","1.850000023841858","0.3050000071525574","-0.6800000071525574","1.2583249807357788","4.779999732971191","4.779999732971191","5.329999923706055","16.654800415039062","-4.507999897003174",NA,-1.39618256,NA,26,517,1704,3368,3.89701913393139,3.61608393069717,3.62344527548778,4.06617307965874
"811","17",79089626,"CCCT/C",NA,"BAIAP2",NA,NA,NA,NA,NA,NA,NA,NA,NA,NA,NA,NA,NA,NA,NA,-1.39618256,NA,26,517,1704,3368,3.89701913393139,3.61608393069717,3.62344527548778,4.06617307965874
"826","19",2117265,"G/C",NA,"AP3D1","0.05700000002980232","1.0","0.9980000257492065","0.0","2.569999933242798","2.6600000858306885","0.3540000021457672","-5.389999866485596","2.6838929653167725","5.119999885559082","4.090000152587891","2.815000057220459","12.716500282287598","-59.61320114135742",NA,-2.276539041,3.435,1667,974,1980,1269,5.0962082862632,5.19203970656696,5.09075571107451,5.36636264411488
"827","19",2127153,"C/T",NA,"AP3D1",NA,NA,NA,NA,NA,NA,NA,NA,NA,NA,NA,NA,NA,NA,NA,-2.276539041,3.435,1667,974,1980,1269,5.0962082862632,5.19203970656696,5.09075571107451,5.36636264411488
"840","19",10260540,"C/T",NA,"DNMT1",NA,NA,NA,NA,NA,NA,NA,NA,NA,NA,NA,NA,NA,NA,0.440960809,-1.541497103,4.8696,344,425,914,615,3.75716353167324,3.88364925938313,3.77522932731099,3.95696418648103
"841","19",10260563,"G/T",NA,"DNMT1","0.13899999856948853","0.8610000014305115","0.6150000095367432","9.999999974752427E-7","1.8399999141693115","-2.069999933242798","0.3370000123977661","-3.7899999618530273","3.9595370292663574","5.840000152587891","5.840000152587891","6.321000099182129","17.0718994140625",NA,0.440960809,-1.541497103,4.8696,344,425,914,615,3.75716353167324,3.88364925938313,3.77522932731099,3.95696418648103
"871","19",45885917,"C/T",NA,"PPP1R13L",NA,NA,NA,NA,NA,NA,NA,NA,NA,NA,NA,NA,NA,NA,NA,NA,3.5335,63,175,172,2137,0.140532438641117,0.257882008397931,0.234801628375511,0.213347281733441
"872","19",45900128,"C/T",NA,"PPP1R13L",NA,NA,NA,NA,NA,NA,NA,NA,NA,NA,NA,NA,NA,NA,NA,NA,3.5335,63,175,172,2137,0.140532438641117,0.257882008397931,0.234801628375511,0.213347281733441
"922","21",41450663,"C/T",NA,"DSCAM",NA,NA,NA,NA,NA,NA,NA,NA,NA,NA,NA,NA,NA,NA,NA,-3.289804051,4.9788,61,440,128,509,2.72873012557955,2.69518563303536,2.92594561730434,2.73271073339101
"923","21",41710090,"C/A",NA,"DSCAM",NA,NA,NA,NA,NA,NA,NA,NA,NA,NA,NA,NA,NA,NA,NA,-3.289804051,4.9788,61,440,128,509,2.72873012557955,2.69518563303536,2.92594561730434,2.73271073339101
"925","21",45924693,"C/T",NA,"TSPEAR","0.5270000100135803","0.8930000066757202","0.30799999833106995","0.15100699663162231","0.20499999821186066","2.509999990463257","0.03400000184774399","0.10999999940395355","0.08290199935436249","4.720000267028809","2.3600001335144043","-0.04600000008940697","3.5673999786376953","-21.20639991760254",NA,-1.076610636,NA,67,173,6,172,0.122505911485152,0.159803538607212,0.15380320571921,0.118283967522413
"926","21",45947268,"G/A",NA,"TSPEAR",NA,NA,NA,NA,NA,NA,NA,NA,NA,NA,NA,NA,NA,NA,NA,-1.076610636,NA,67,173,6,172,0.122505911485152,0.159803538607212,0.15380320571921,0.118283967522413
"944","22",36689894,"C/T",NA,"MYH9","0.023000000044703484","0.7820000052452087","0.2980000078678131","1.4200000441633165E-4","1.9249999523162842","-1.1699999570846558","0.4569999873638153","-1.7999999523162842","1.418228030204773","4.980000019073486","2.5","2.0910000801086426","10.644599914550781",NA,NA,-1.993966113,4.4956,1599,324,444,1116,3.13589873747472,3.75531981843038,3.55705013434056,3.72022482838119
"945","22",36696896,"C/A",NA,"MYH9",NA,NA,NA,NA,NA,NA,NA,NA,"5.205473899841309","5.199999809265137","5.199999809265137","7.703000068664551","19.089399337768555",NA,NA,-1.993966113,4.4956,1599,324,444,1116,3.13589873747472,3.75531981843038,3.55705013434056,3.72022482838119
"946","22",36714348,"G/A",NA,"MYH9",NA,NA,NA,NA,NA,NA,NA,NA,NA,NA,NA,NA,NA,NA,NA,-1.993966113,4.4956,1599,324,444,1116,3.13589873747472,3.75531981843038,3.55705013434056,3.72022482838119
"947","22",40055497,"C/T",NA,"CACNA1I","0.05400000140070915","1.0","0.9990000128746033","0.0","1.6549999713897705","-4.949999809265137","0.5360000133514404","-5.779999732971191","5.531097888946533","4.300000190734863","4.300000190734863","5.706999778747559","17.291000366210938",NA,NA,-0.826829473,5.3628,1208,1359,1773,4251,1.10706735780027,0.429908356469739,0.855732502138582,2.10754694024749
"948","22",40061944,"G/A",NA,"CACNA1I","0.0010000000474974513","0.996999979019165","0.8550000190734863","3.899999865097925E-5","2.0299999713897705","-4.199999809265137","0.4480000138282776","-3.569999933242798","5.617763042449951","4.300000190734863","4.300000190734863","6.446000099182129","10.452400207519531",NA,NA,-0.826829473,5.3628,1208,1359,1773,4251,1.10706735780027,0.429908356469739,0.855732502138582,2.10754694024749
"961","X",53561599,"G/A",NA,"HUWE1",NA,NA,NA,NA,"2.7249999046325684",NA,NA,NA,"5.169356822967529","5.360000133514404","5.360000133514404","6.776000022888184","17.08209991455078",NA,NA,-3.359560776,7.9735,304,817,490,885,4.18911313996038,4.31647248440792,4.20453846232011,4.38615103153914
"962","X",53654776,"G/A",NA,"HUWE1",NA,NA,NA,NA,NA,NA,NA,NA,NA,NA,NA,NA,NA,NA,NA,-3.359560776,7.9735,304,817,490,885,4.18911313996038,4.31647248440792,4.20453846232011,4.38615103153914
"963","X",53655840,"G/C",NA,"HUWE1","0.0","0.9990000128746033","0.996999979019165","0.6604080200195312","2.174999952316284","-0.11999999731779099","0.6359999775886536","-3.3299999237060547","5.31777811050415","5.730000019073486","5.730000019073486","9.27400016784668","17.563100814819336",NA,NA,-3.359560776,7.9735,304,817,490,885,4.18911313996038,4.31647248440792,4.20453846232011,4.38615103153914
